{"polyfill":["/polyfill-df269f05fb054ca0e624.js"],"app":["/app-873ff94db77565ebf4e6.js"],"component---src-pages-about-tsx":["/component---src-pages-about-tsx-43632a5cc05af9342db6.js"],"component---src-pages-index-tsx":["/component---src-pages-index-tsx-691f944fba508eb3e32c.js"],"component---src-pages-packages-index-tsx":["/component---src-pages-packages-index-tsx-26b59eb42d713032149d.js"],"component---src-pages-team-index-tsx":["/component---src-pages-team-index-tsx-8c1202898949607413b1.js"],"component---src-pages-team-team-tsx":["/component---src-pages-team-team-tsx-31d082803172d6f8c8c9.js"]}