{"polyfill":["/polyfill-df269f05fb054ca0e624.js"],"app":["/app-873ff94db77565ebf4e6.js"],"component---src-pages-about-tsx":["/component---src-pages-about-tsx-502720805b8b9e3d9e35.js"],"component---src-pages-index-tsx":["/component---src-pages-index-tsx-3b1860a8b11ccf47eca2.js"],"component---src-pages-packages-index-tsx":["/component---src-pages-packages-index-tsx-9b2c43111189b06c047f.js"],"component---src-pages-team-index-tsx":["/component---src-pages-team-index-tsx-f4bd7a54894959727b0e.js"],"component---src-pages-team-team-tsx":["/component---src-pages-team-team-tsx-4468455cbe71d29c056a.js"]}