{"polyfill":["/polyfill-df269f05fb054ca0e624.js"],"app":["/app-8b08c8c2b9da58da3ceb.js"],"component---src-pages-about-tsx":["/component---src-pages-about-tsx-9b419b2b8e457f1ab1cf.js"],"component---src-pages-index-tsx":["/component---src-pages-index-tsx-a0fd79130d54831781b8.js"],"component---src-pages-packages-index-tsx":["/component---src-pages-packages-index-tsx-a443c208575571adeb82.js"],"component---src-pages-team-index-tsx":["/component---src-pages-team-index-tsx-e556edcf6fce02107d38.js"],"component---src-pages-team-team-tsx":["/component---src-pages-team-team-tsx-31d082803172d6f8c8c9.js"]}