{"name":"build-javascript","namedChunkGroups":{"polyfill":{"name":"polyfill","assets":[{"name":"webpack-runtime-50401b50ad193adad17f.js","size":5165},{"name":"polyfill-df269f05fb054ca0e624.js","size":99986}],"filteredAssets":0,"assetsSize":105151,"filteredAuxiliaryAssets":2,"auxiliaryAssetsSize":297381},"app":{"name":"app","assets":[{"name":"webpack-runtime-50401b50ad193adad17f.js","size":5165},{"name":"styles.e84d75b894d8e27cb3d7.css","size":20026},{"name":"framework-87f0d5300b2edaf4aadc.js","size":129722},{"name":"app-873ff94db77565ebf4e6.js","size":72130}],"filteredAssets":0,"assetsSize":227043,"filteredAuxiliaryAssets":8,"auxiliaryAssetsSize":1268043},"component---src-pages-about-tsx":{"name":"component---src-pages-about-tsx","assets":[{"name":"commons-ca5afd57bcf7778ae62f.js","size":132123},{"name":"component---src-pages-about-tsx-43632a5cc05af9342db6.js","size":6791}],"filteredAssets":0,"assetsSize":138914,"filteredAuxiliaryAssets":2,"auxiliaryAssetsSize":401450},"component---src-pages-index-tsx":{"name":"component---src-pages-index-tsx","assets":[{"name":"styles.e84d75b894d8e27cb3d7.css","size":20026},{"name":"commons-ca5afd57bcf7778ae62f.js","size":132123},{"name":"component---src-pages-index-tsx-691f944fba508eb3e32c.js","size":35846}],"filteredAssets":0,"assetsSize":187995,"filteredAuxiliaryAssets":7,"auxiliaryAssetsSize":1064518},"component---src-pages-packages-index-tsx":{"name":"component---src-pages-packages-index-tsx","assets":[{"name":"commons-ca5afd57bcf7778ae62f.js","size":132123},{"name":"component---src-pages-packages-index-tsx-26b59eb42d713032149d.js","size":13147}],"filteredAssets":0,"assetsSize":145270,"filteredAuxiliaryAssets":2,"auxiliaryAssetsSize":426886},"component---src-pages-team-index-tsx":{"name":"component---src-pages-team-index-tsx","assets":[{"name":"commons-ca5afd57bcf7778ae62f.js","size":132123},{"name":"component---src-pages-team-index-tsx-8c1202898949607413b1.js","size":4744}],"filteredAssets":0,"assetsSize":136867,"filteredAuxiliaryAssets":2,"auxiliaryAssetsSize":403149},"component---src-pages-team-team-tsx":{"name":"component---src-pages-team-team-tsx","assets":[{"name":"commons-ca5afd57bcf7778ae62f.js","size":132123},{"name":"component---src-pages-team-team-tsx-31d082803172d6f8c8c9.js","size":3028}],"filteredAssets":0,"assetsSize":135151,"filteredAuxiliaryAssets":2,"auxiliaryAssetsSize":399585}},"assetsByChunkName":{"polyfill":["webpack-runtime-50401b50ad193adad17f.js","polyfill-df269f05fb054ca0e624.js"],"app":["webpack-runtime-50401b50ad193adad17f.js","styles.e84d75b894d8e27cb3d7.css","framework-87f0d5300b2edaf4aadc.js","app-873ff94db77565ebf4e6.js"],"component---src-pages-about-tsx":["commons-ca5afd57bcf7778ae62f.js","component---src-pages-about-tsx-43632a5cc05af9342db6.js"],"component---src-pages-index-tsx":["styles.e84d75b894d8e27cb3d7.css","commons-ca5afd57bcf7778ae62f.js","component---src-pages-index-tsx-691f944fba508eb3e32c.js"],"component---src-pages-packages-index-tsx":["commons-ca5afd57bcf7778ae62f.js","component---src-pages-packages-index-tsx-26b59eb42d713032149d.js"],"component---src-pages-team-index-tsx":["commons-ca5afd57bcf7778ae62f.js","component---src-pages-team-index-tsx-8c1202898949607413b1.js"],"component---src-pages-team-team-tsx":["commons-ca5afd57bcf7778ae62f.js","component---src-pages-team-team-tsx-31d082803172d6f8c8c9.js"]},"childAssetsByChunkName":{}}