{"name":"build-javascript","namedChunkGroups":{"polyfill":{"name":"polyfill","assets":[{"name":"webpack-runtime-d9938e28cc50717dead1.js","size":5165},{"name":"polyfill-df269f05fb054ca0e624.js","size":99986}],"filteredAssets":0,"assetsSize":105151,"filteredAuxiliaryAssets":2,"auxiliaryAssetsSize":297381},"app":{"name":"app","assets":[{"name":"webpack-runtime-d9938e28cc50717dead1.js","size":5165},{"name":"styles.455b8cb3b1d621e2dc85.css","size":20382},{"name":"framework-87f0d5300b2edaf4aadc.js","size":129722},{"name":"app-8b08c8c2b9da58da3ceb.js","size":72130}],"filteredAssets":0,"assetsSize":227399,"filteredAuxiliaryAssets":8,"auxiliaryAssetsSize":1268043},"component---src-pages-about-tsx":{"name":"component---src-pages-about-tsx","assets":[{"name":"commons-ca5afd57bcf7778ae62f.js","size":132123},{"name":"component---src-pages-about-tsx-9b419b2b8e457f1ab1cf.js","size":6816}],"filteredAssets":0,"assetsSize":138939,"filteredAuxiliaryAssets":2,"auxiliaryAssetsSize":401524},"component---src-pages-index-tsx":{"name":"component---src-pages-index-tsx","assets":[{"name":"styles.455b8cb3b1d621e2dc85.css","size":20382},{"name":"commons-ca5afd57bcf7778ae62f.js","size":132123},{"name":"component---src-pages-index-tsx-691f944fba508eb3e32c.js","size":35846}],"filteredAssets":0,"assetsSize":188351,"filteredAuxiliaryAssets":7,"auxiliaryAssetsSize":1064518},"component---src-pages-packages-index-tsx":{"name":"component---src-pages-packages-index-tsx","assets":[{"name":"commons-ca5afd57bcf7778ae62f.js","size":132123},{"name":"component---src-pages-packages-index-tsx-a443c208575571adeb82.js","size":15004}],"filteredAssets":0,"assetsSize":147127,"filteredAuxiliaryAssets":2,"auxiliaryAssetsSize":430337},"component---src-pages-team-index-tsx":{"name":"component---src-pages-team-index-tsx","assets":[{"name":"commons-ca5afd57bcf7778ae62f.js","size":132123},{"name":"component---src-pages-team-index-tsx-e556edcf6fce02107d38.js","size":4721}],"filteredAssets":0,"assetsSize":136844,"filteredAuxiliaryAssets":2,"auxiliaryAssetsSize":403084},"component---src-pages-team-team-tsx":{"name":"component---src-pages-team-team-tsx","assets":[{"name":"commons-ca5afd57bcf7778ae62f.js","size":132123},{"name":"component---src-pages-team-team-tsx-31d082803172d6f8c8c9.js","size":3028}],"filteredAssets":0,"assetsSize":135151,"filteredAuxiliaryAssets":2,"auxiliaryAssetsSize":399585}},"assetsByChunkName":{"polyfill":["webpack-runtime-d9938e28cc50717dead1.js","polyfill-df269f05fb054ca0e624.js"],"app":["webpack-runtime-d9938e28cc50717dead1.js","styles.455b8cb3b1d621e2dc85.css","framework-87f0d5300b2edaf4aadc.js","app-8b08c8c2b9da58da3ceb.js"],"component---src-pages-about-tsx":["commons-ca5afd57bcf7778ae62f.js","component---src-pages-about-tsx-9b419b2b8e457f1ab1cf.js"],"component---src-pages-index-tsx":["styles.455b8cb3b1d621e2dc85.css","commons-ca5afd57bcf7778ae62f.js","component---src-pages-index-tsx-691f944fba508eb3e32c.js"],"component---src-pages-packages-index-tsx":["commons-ca5afd57bcf7778ae62f.js","component---src-pages-packages-index-tsx-a443c208575571adeb82.js"],"component---src-pages-team-index-tsx":["commons-ca5afd57bcf7778ae62f.js","component---src-pages-team-index-tsx-e556edcf6fce02107d38.js"],"component---src-pages-team-team-tsx":["commons-ca5afd57bcf7778ae62f.js","component---src-pages-team-team-tsx-31d082803172d6f8c8c9.js"]},"childAssetsByChunkName":{}}