{"name":"build-javascript","namedChunkGroups":{"polyfill":{"name":"polyfill","assets":[{"name":"webpack-runtime-6cfb4fc08d877043c58c.js","size":5165},{"name":"polyfill-df269f05fb054ca0e624.js","size":99986}],"filteredAssets":0,"assetsSize":105151,"filteredAuxiliaryAssets":2,"auxiliaryAssetsSize":297381},"app":{"name":"app","assets":[{"name":"webpack-runtime-6cfb4fc08d877043c58c.js","size":5165},{"name":"styles.e84d75b894d8e27cb3d7.css","size":20026},{"name":"framework-87f0d5300b2edaf4aadc.js","size":129722},{"name":"app-873ff94db77565ebf4e6.js","size":72130}],"filteredAssets":0,"assetsSize":227043,"filteredAuxiliaryAssets":8,"auxiliaryAssetsSize":1268043},"component---src-pages-about-tsx":{"name":"component---src-pages-about-tsx","assets":[{"name":"commons-ca5afd57bcf7778ae62f.js","size":132123},{"name":"component---src-pages-about-tsx-502720805b8b9e3d9e35.js","size":6823}],"filteredAssets":0,"assetsSize":138946,"filteredAuxiliaryAssets":2,"auxiliaryAssetsSize":401454},"component---src-pages-index-tsx":{"name":"component---src-pages-index-tsx","assets":[{"name":"styles.e84d75b894d8e27cb3d7.css","size":20026},{"name":"commons-ca5afd57bcf7778ae62f.js","size":132123},{"name":"component---src-pages-index-tsx-3b1860a8b11ccf47eca2.js","size":35878}],"filteredAssets":0,"assetsSize":188027,"filteredAuxiliaryAssets":7,"auxiliaryAssetsSize":1064522},"component---src-pages-packages-index-tsx":{"name":"component---src-pages-packages-index-tsx","assets":[{"name":"commons-ca5afd57bcf7778ae62f.js","size":132123},{"name":"component---src-pages-packages-index-tsx-9b2c43111189b06c047f.js","size":12619}],"filteredAssets":0,"assetsSize":144742,"filteredAuxiliaryAssets":2,"auxiliaryAssetsSize":426650},"component---src-pages-team-index-tsx":{"name":"component---src-pages-team-index-tsx","assets":[{"name":"commons-ca5afd57bcf7778ae62f.js","size":132123},{"name":"component---src-pages-team-index-tsx-f4bd7a54894959727b0e.js","size":4776}],"filteredAssets":0,"assetsSize":136899,"filteredAuxiliaryAssets":2,"auxiliaryAssetsSize":403153},"component---src-pages-team-team-tsx":{"name":"component---src-pages-team-team-tsx","assets":[{"name":"commons-ca5afd57bcf7778ae62f.js","size":132123},{"name":"component---src-pages-team-team-tsx-4468455cbe71d29c056a.js","size":3060}],"filteredAssets":0,"assetsSize":135183,"filteredAuxiliaryAssets":2,"auxiliaryAssetsSize":399589}},"assetsByChunkName":{"polyfill":["webpack-runtime-6cfb4fc08d877043c58c.js","polyfill-df269f05fb054ca0e624.js"],"app":["webpack-runtime-6cfb4fc08d877043c58c.js","styles.e84d75b894d8e27cb3d7.css","framework-87f0d5300b2edaf4aadc.js","app-873ff94db77565ebf4e6.js"],"component---src-pages-about-tsx":["commons-ca5afd57bcf7778ae62f.js","component---src-pages-about-tsx-502720805b8b9e3d9e35.js"],"component---src-pages-index-tsx":["styles.e84d75b894d8e27cb3d7.css","commons-ca5afd57bcf7778ae62f.js","component---src-pages-index-tsx-3b1860a8b11ccf47eca2.js"],"component---src-pages-packages-index-tsx":["commons-ca5afd57bcf7778ae62f.js","component---src-pages-packages-index-tsx-9b2c43111189b06c047f.js"],"component---src-pages-team-index-tsx":["commons-ca5afd57bcf7778ae62f.js","component---src-pages-team-index-tsx-f4bd7a54894959727b0e.js"],"component---src-pages-team-team-tsx":["commons-ca5afd57bcf7778ae62f.js","component---src-pages-team-team-tsx-4468455cbe71d29c056a.js"]},"childAssetsByChunkName":{}}