{"name":"build-javascript","namedChunkGroups":{"polyfill":{"name":"polyfill","assets":[{"name":"webpack-runtime-9929d6e318d2a530b02d.js","size":5165},{"name":"polyfill-df269f05fb054ca0e624.js","size":99986}],"filteredAssets":0,"assetsSize":105151,"filteredAuxiliaryAssets":2,"auxiliaryAssetsSize":297381},"app":{"name":"app","assets":[{"name":"webpack-runtime-9929d6e318d2a530b02d.js","size":5165},{"name":"styles.455b8cb3b1d621e2dc85.css","size":20382},{"name":"framework-87f0d5300b2edaf4aadc.js","size":129722},{"name":"app-8b08c8c2b9da58da3ceb.js","size":72130}],"filteredAssets":0,"assetsSize":227399,"filteredAuxiliaryAssets":8,"auxiliaryAssetsSize":1268043},"component---src-pages-about-tsx":{"name":"component---src-pages-about-tsx","assets":[{"name":"commons-694321ad33db5b2cc167.js","size":132125},{"name":"component---src-pages-about-tsx-9b419b2b8e457f1ab1cf.js","size":6816}],"filteredAssets":0,"assetsSize":138941,"filteredAuxiliaryAssets":2,"auxiliaryAssetsSize":401525},"component---src-pages-index-tsx":{"name":"component---src-pages-index-tsx","assets":[{"name":"styles.455b8cb3b1d621e2dc85.css","size":20382},{"name":"commons-694321ad33db5b2cc167.js","size":132125},{"name":"component---src-pages-index-tsx-a0fd79130d54831781b8.js","size":35866}],"filteredAssets":0,"assetsSize":188373,"filteredAuxiliaryAssets":7,"auxiliaryAssetsSize":1064521},"component---src-pages-packages-index-tsx":{"name":"component---src-pages-packages-index-tsx","assets":[{"name":"commons-694321ad33db5b2cc167.js","size":132125},{"name":"component---src-pages-packages-index-tsx-a443c208575571adeb82.js","size":15004}],"filteredAssets":0,"assetsSize":147129,"filteredAuxiliaryAssets":2,"auxiliaryAssetsSize":430338},"component---src-pages-team-index-tsx":{"name":"component---src-pages-team-index-tsx","assets":[{"name":"commons-694321ad33db5b2cc167.js","size":132125},{"name":"component---src-pages-team-index-tsx-e556edcf6fce02107d38.js","size":4721}],"filteredAssets":0,"assetsSize":136846,"filteredAuxiliaryAssets":2,"auxiliaryAssetsSize":403066},"component---src-pages-team-team-tsx":{"name":"component---src-pages-team-team-tsx","assets":[{"name":"commons-694321ad33db5b2cc167.js","size":132125},{"name":"component---src-pages-team-team-tsx-31d082803172d6f8c8c9.js","size":3028}],"filteredAssets":0,"assetsSize":135153,"filteredAuxiliaryAssets":2,"auxiliaryAssetsSize":399586}},"assetsByChunkName":{"polyfill":["webpack-runtime-9929d6e318d2a530b02d.js","polyfill-df269f05fb054ca0e624.js"],"app":["webpack-runtime-9929d6e318d2a530b02d.js","styles.455b8cb3b1d621e2dc85.css","framework-87f0d5300b2edaf4aadc.js","app-8b08c8c2b9da58da3ceb.js"],"component---src-pages-about-tsx":["commons-694321ad33db5b2cc167.js","component---src-pages-about-tsx-9b419b2b8e457f1ab1cf.js"],"component---src-pages-index-tsx":["styles.455b8cb3b1d621e2dc85.css","commons-694321ad33db5b2cc167.js","component---src-pages-index-tsx-a0fd79130d54831781b8.js"],"component---src-pages-packages-index-tsx":["commons-694321ad33db5b2cc167.js","component---src-pages-packages-index-tsx-a443c208575571adeb82.js"],"component---src-pages-team-index-tsx":["commons-694321ad33db5b2cc167.js","component---src-pages-team-index-tsx-e556edcf6fce02107d38.js"],"component---src-pages-team-team-tsx":["commons-694321ad33db5b2cc167.js","component---src-pages-team-team-tsx-31d082803172d6f8c8c9.js"]},"childAssetsByChunkName":{}}